{"ECG": {"ts1": [0.0099133945, 0.033428888, -0.0057636009, -0.029279094, -0.052794587, 0.0099133945, -0.021440596, -0.029279094, -0.060633085, -0.091987075, -0.013602099, -0.060633085, -0.013602099, -0.076310081, -0.060633085, -0.12334106, -0.084148578, -0.068471582, -0.037117591, -0.076310081, -0.060633085, -0.12334106, -0.060633085, -0.091987075, -0.068471582, -0.10766407, -0.099825575, -0.14685656, -0.029279094, 0.0099133945, 0.09613687, 0.12749086, 0.16668335, 0.29209932, 0.41751527, 0.11965236, -0.084148578, -0.076310081, -0.21740303, -0.19388755, -0.27227252, -0.24091853, -0.31146501, -0.30362652, -0.24091853, -0.20956454, -0.15469506, -0.21740303, -0.091987075, 0.6605087, 2.8317725, 5.0265519, 0.91917913, -4.9361786, -6.1197918, -4.3326143, -2.4200209, -1.0717993, -0.44471947, -0.3349805, -0.14685656, -0.12334106, -0.052794587, 0.0020748969, -0.0057636009, -0.04495609, 0.02559039, 0.12749086, 0.064782879, 0.11965236, 0.15884485, 0.25290682, 0.3391303, 0.35480729, 0.42535377, 0.6761857, 0.76240917, 0.87998664, 1.1308186, 1.0916261, 1.264073, 1.154334, 1.1464955, 0.98972556, 0.76240917, 0.55076973, 0.36264579, 0.22939133, 0.11965236, 0.080459874, 0.02559039, 0.033428888, 0.049105883, 0.0099133945, 0.064782879, 0.09613687, 0.09613687, 0.11965236, 0.14316785, 0.19019885, 0.11965236, 0.072621376, 0.19803734, 0.09613687, 0.10397536, 0.041267385, -0.013602099, 0.0099133945, 0.080459874, -0.013602099, -0.021440596, 0.0099133945, -0.076310081, -0.14685656, -0.060633085, 0.033428888, -0.060633085, -0.0057636009, -0.060633085, 0.0020748969, -0.068471582, 0.0099133945, -0.029279094, -0.029279094, -0.052794587, -0.037117591, -0.091987075, 0.0020748969, -0.04495609, -0.060633085, -0.068471582, 0.0020748969, -0.029279094, -0.11550256, 0.0020748969, 0.02559039], "ts2": [0.073038958, 0.032245125, 0.040403891, 0.048562658, 0.032245125, 0.052642041, 0.040403891, 0.015927591, 0.015927591, 0.0036894412, -0.00038994121, -0.0085487083, -0.016707475, -0.012628092, -0.0085487083, -0.049342541, -0.020786858, -0.045263158, -0.053421925, -0.057501308, -0.061580691, -0.086056991, -0.090136375, -0.057501308, -0.073818841, -0.090136375, -0.073818841, -0.10645391, -0.081977608, -0.077898225, -0.098295142, -0.098295142, -0.065660075, -0.016707475, 0.048562658, 0.056721425, 0.081197725, 0.15870601, -0.098295142, -0.15132713, -0.18804157, -0.21251787, -0.18804157, -0.26554985, -0.26554985, -0.24107356, -0.26962924, -0.26554985, -0.24923233, -0.27370863, -0.24923233, -0.18804157, 0.073038958, 1.5905695, 1.1010435, -1.5383175, -4.5366641, -5.2709532, -3.4801039, -1.8687475, -0.80810784, -0.37161382, -0.22883541, -0.11869206, -0.073818841, -0.012628092, 0.0036894412, 0.048562658, 0.040403891, 0.12199156, 0.18726169, 0.22805552, 0.28516689, 0.34635764, 0.41978654, 0.53808866, 0.65231139, 0.81548672, 1.0357734, 1.2968539, 1.6068871, 1.9413965, 2.2881441, 2.6104154, 2.8755753, 2.9653218, 2.8470196, 2.4513194, 1.8965233, 1.2560602, 0.68902584, 0.34635764, 0.10975341, -0.033025008, -0.11461268, -0.13908898, -0.16356528, -0.15948589, -0.14724774, -0.1309302, -0.11461268, -0.086056991, -0.10645391, -0.10645391, -0.090136375, -0.073818841, -0.098295142, -0.14724774, -0.13908898, -0.16356528, -0.21659726, -0.18396219, -0.23291479, -0.24107356, -0.277788, -0.26962924, -0.29002616, -0.28186739, -0.30634369, -0.33082, -0.31450246, -0.33897876, -0.35529629, -0.35529629, -0.36345506, -0.35529629, -0.37161382, -0.37161382, -0.42056642, -0.36345506, -0.38793135, -0.38793135, -0.40424889, -0.38793135, -0.37569321, -0.40424889], "dataset": "ECGFiveDays"}}
